﻿{
  "Author": "UnknownX",
  "Name": "NoClippy",
  "Punchline": "Reduces the effects of lag on certain aspects of the game, and can show GCD clips",
  "Description": "Reduces the effects of lag on certain aspects of the game, such as weaving and statuses. Usable as an alternative, or in addition, to XivAlexander.",
  "IconUrl": "",
  "ImageUrls": [
    ""
  ],
  "RepoUrl": "https://github.com/UnknownX7/NoClippy",
  "CategoryTags": [
    "jobs",
    "utility"
  ],
  "InternalName": "NoClippy",
  "AssemblyVersion": "",
  "ApplicableVersion": "any",
  "DalamudApiLevel": 5,
  "LoadPriority": 0,
  "Changelog": ""
}